{
  "details": {
    "bracket_match_by_coverage": {
      "0.25": {
        "match_rate": 0.4383561643835616,
        "n_kept": 1095
      },
      "0.50": {
        "match_rate": 0.4438356164383562,
        "n_kept": 2190
      },
      "0.75": {
        "match_rate": 0.4541856925418569,
        "n_kept": 3285
      },
      "1.00": {
        "match_rate": 0.4351598173515982,
        "n_kept": 4380
      }
    },
    "ece": 0.06897584258008556,
    "ece_bins": 10,
    "ece_tol": 0.05,
    "ece_within_tol": false,
    "n": 4380
  },
  "passed": false,
  "phase": "confidence"
}
