{
  "arms_bias_on_late_spike_days": {
    "climatology": {
      "cold_rate": 0.5110294117647058,
      "mae": 1.7843137254901962,
      "mean_err": 0.4068627450980392,
      "n": 816
    },
    "empirical": {
      "cold_rate": 0.4534313725490196,
      "mae": 2.019607843137255,
      "mean_err": 0.2034313725490196,
      "n": 816
    },
    "persistence": {
      "cold_rate": 1.0,
      "mae": 1.7745098039215685,
      "mean_err": 1.7745098039215685,
      "n": 816
    },
    "ridge": {
      "cold_rate": 0.3161764705882353,
      "mae": 0.6115196078431373,
      "mean_err": 0.2536764705882353,
      "n": 816
    }
  },
  "audit": "late_warming_bias",
  "cp_operational": "23:00",
  "n_rows": 1095,
  "overall_bias_by_arm": {
    "climatology": {
      "cold_rate": 0.4520547945205479,
      "mae": 1.7799086757990867,
      "mean_err": 0.07945205479452055,
      "n": 1095
    },
    "empirical": {
      "cold_rate": 0.40730593607305937,
      "mae": 2.064840182648402,
      "mean_err": -0.13424657534246576,
      "n": 1095
    },
    "persistence": {
      "cold_rate": 0.7452054794520548,
      "mae": 1.3223744292237443,
      "mean_err": 1.3223744292237443,
      "n": 1095
    },
    "ridge": {
      "cold_rate": 0.24292237442922374,
      "mae": 0.6776255707762557,
      "mean_err": -0.0182648401826484,
      "n": 1095
    }
  },
  "ridge_bias_by_late_spike": {
    "late_spike": {
      "cold_rate": 0.3161764705882353,
      "mae": 0.6115196078431373,
      "mean_err": 0.2536764705882353,
      "n": 816
    },
    "no_late_spike": {
      "cold_rate": 0.02867383512544803,
      "mae": 0.8709677419354839,
      "mean_err": -0.8136200716845878,
      "n": 279
    }
  },
  "ridge_bias_by_late_warm_mag": {
    "0": {
      "cold_rate": 0.02867383512544803,
      "mae": 0.8709677419354839,
      "mean_err": -0.8136200716845878,
      "n": 279
    },
    "1": {
      "cold_rate": 0.036855036855036855,
      "mae": 0.36609336609336607,
      "mean_err": -0.29238329238329236,
      "n": 407
    },
    "2": {
      "cold_rate": 0.4318181818181818,
      "mae": 0.48484848484848486,
      "mean_err": 0.3939393939393939,
      "n": 264
    },
    "3": {
      "cold_rate": 0.8279569892473119,
      "mae": 1.075268817204301,
      "mean_err": 1.075268817204301,
      "n": 93
    },
    "4": {
      "cold_rate": 1.0,
      "mae": 2.3461538461538463,
      "mean_err": 2.3461538461538463,
      "n": 52
    }
  },
  "ridge_bias_by_month": {
    "1": {
      "cold_rate": 0.3548387096774194,
      "mae": 0.946236559139785,
      "mean_err": 0.27956989247311825,
      "n": 93
    },
    "10": {
      "cold_rate": 0.3118279569892473,
      "mae": 0.7526881720430108,
      "mean_err": 0.0,
      "n": 93
    },
    "11": {
      "cold_rate": 0.23333333333333334,
      "mae": 0.6666666666666666,
      "mean_err": -0.022222222222222223,
      "n": 90
    },
    "12": {
      "cold_rate": 0.20652173913043478,
      "mae": 0.7391304347826086,
      "mean_err": -0.21739130434782608,
      "n": 92
    },
    "2": {
      "cold_rate": 0.21176470588235294,
      "mae": 0.6823529411764706,
      "mean_err": 0.07058823529411765,
      "n": 85
    },
    "3": {
      "cold_rate": 0.26881720430107525,
      "mae": 0.6989247311827957,
      "mean_err": 0.03225806451612903,
      "n": 93
    },
    "4": {
      "cold_rate": 0.16666666666666666,
      "mae": 0.6111111111111112,
      "mean_err": -0.25555555555555554,
      "n": 90
    },
    "5": {
      "cold_rate": 0.17204301075268819,
      "mae": 0.6559139784946236,
      "mean_err": -0.24731182795698925,
      "n": 93
    },
    "6": {
      "cold_rate": 0.24444444444444444,
      "mae": 0.6444444444444445,
      "mean_err": -0.022222222222222223,
      "n": 90
    },
    "7": {
      "cold_rate": 0.23655913978494625,
      "mae": 0.5698924731182796,
      "mean_err": 0.03225806451612903,
      "n": 93
    },
    "8": {
      "cold_rate": 0.23655913978494625,
      "mae": 0.5591397849462365,
      "mean_err": 0.021505376344086023,
      "n": 93
    },
    "9": {
      "cold_rate": 0.26666666666666666,
      "mae": 0.6,
      "mean_err": 0.1111111111111111,
      "n": 90
    }
  },
  "ridge_bias_by_tmax_hour": {
    "0": {
      "cold_rate": 0.045454545454545456,
      "mae": 0.6454545454545455,
      "mean_err": -0.5545454545454546,
      "n": 110
    },
    "1": {
      "cold_rate": 0.0,
      "mae": 1.0,
      "mean_err": -1.0,
      "n": 3
    },
    "10": {
      "cold_rate": 0.01694915254237288,
      "mae": 1.0508474576271187,
      "mean_err": -1.0169491525423728,
      "n": 59
    },
    "11": {
      "cold_rate": 0.034482758620689655,
      "mae": 0.7034482758620689,
      "mean_err": -0.6344827586206897,
      "n": 145
    },
    "12": {
      "cold_rate": 0.14220183486238533,
      "mae": 0.42660550458715596,
      "mean_err": -0.13302752293577982,
      "n": 218
    },
    "13": {
      "cold_rate": 0.3615023474178404,
      "mae": 0.5915492957746479,
      "mean_err": 0.30985915492957744,
      "n": 213
    },
    "14": {
      "cold_rate": 0.38405797101449274,
      "mae": 0.6376811594202898,
      "mean_err": 0.4492753623188406,
      "n": 138
    },
    "15": {
      "cold_rate": 0.5616438356164384,
      "mae": 0.8356164383561644,
      "mean_err": 0.6438356164383562,
      "n": 73
    },
    "16": {
      "cold_rate": 0.5384615384615384,
      "mae": 0.9743589743589743,
      "mean_err": 0.8717948717948718,
      "n": 39
    },
    "17": {
      "cold_rate": 0.6190476190476191,
      "mae": 1.2380952380952381,
      "mean_err": 1.1428571428571428,
      "n": 21
    },
    "18": {
      "cold_rate": 0.8,
      "mae": 1.8,
      "mean_err": 1.8,
      "n": 5
    },
    "19": {
      "cold_rate": 0.6666666666666666,
      "mae": 1.0,
      "mean_err": 1.0,
      "n": 9
    },
    "2": {
      "cold_rate": 0.08333333333333333,
      "mae": 0.6666666666666666,
      "mean_err": -0.5,
      "n": 12
    },
    "20": {
      "cold_rate": 0.3333333333333333,
      "mae": 0.3333333333333333,
      "mean_err": 0.3333333333333333,
      "n": 3
    },
    "21": {
      "cold_rate": 1.0,
      "mae": 2.3333333333333335,
      "mean_err": 2.3333333333333335,
      "n": 3
    },
    "22": {
      "cold_rate": 0.3333333333333333,
      "mae": 1.3333333333333333,
      "mean_err": 0.0,
      "n": 3
    },
    "23": {
      "cold_rate": 0.5,
      "mae": 0.75,
      "mean_err": 0.25,
      "n": 4
    },
    "3": {
      "cold_rate": 0.0,
      "mae": 0.3333333333333333,
      "mean_err": -0.3333333333333333,
      "n": 6
    },
    "4": {
      "cold_rate": 0.0,
      "mae": 1.0,
      "mean_err": -1.0,
      "n": 1
    },
    "5": {
      "cold_rate": 0.0,
      "mae": 1.0,
      "mean_err": -1.0,
      "n": 2
    },
    "6": {
      "cold_rate": 0.0,
      "mae": 0.5,
      "mean_err": -0.5,
      "n": 4
    },
    "7": {
      "cold_rate": 0.5,
      "mae": 1.0,
      "mean_err": 0.0,
      "n": 2
    },
    "8": {
      "cold_rate": 0.0,
      "mae": 0.5714285714285714,
      "mean_err": -0.5714285714285714,
      "n": 7
    },
    "9": {
      "cold_rate": 0.0,
      "mae": 1.2,
      "mean_err": -1.2,
      "n": 15
    }
  }
}