{
  "acceptance_paired_ablation": {
    "kind": "paired_ablation",
    "metric": "bracket_match_at_p50",
    "n_eligible_splits": 3,
    "n_required": 2,
    "n_splits_passed_per_cp": 1,
    "n_splits_passed_pooled": 3,
    "passed": true,
    "primary": "LGBM(obs+NWP) - LGBM(obs-only)",
    "require": "ci95_low > 0 AND point > 0",
    "secondary": "LGBM(obs+NWP) - Ridge(obs, Phase3)"
  },
  "aud2_gates_REQ_AUD_2": {
    "diagnostic_only_excluded": [
      "corr_diff"
    ],
    "n_violations": 0,
    "passed": true,
    "violations": []
  },
  "cp_operational": "23:00",
  "criterion_version": "1.1",
  "phase": 4,
  "phase4_ready": true,
  "preregistration_sha256": "9a0a2a1b7ebbd0398cf578c86c1874f29139b3b141b024c127d504a400a1b29f",
  "splits": [
    {
      "alpha_ridge": 10.0,
      "bracket_match": {
        "baseline_max": 0.4438356164383562,
        "climatology": 0.16712328767123288,
        "lgbm_minus_baseline": {
          "ci95_high": 0.0547945205479452,
          "ci95_low": -0.07123287671232875,
          "point": -0.010958904109589052
        },
        "nwp_raw": 0.04657534246575343,
        "nwp_residual_lgbm": 0.4328767123287671,
        "persistence": 0.2493150684931507,
        "pooled_all_cps": {
          "climatology": 0.16712328767123288,
          "lgbm": 0.39863013698630134,
          "lgbm_minus_baseline": {
            "ci95_high": 0.10686643835616437,
            "ci95_low": 0.04861301369863014,
            "point": 0.07876712328767121
          },
          "n_test": 1460,
          "persistence": 0.18767123287671234,
          "ridge": 0.3198630136986301
        },
        "ridge_full": 0.4438356164383562
      },
      "counterfactual_n_pairs": 325,
      "gates": [
        {
          "ci_high": 0.7181075949695858,
          "ci_low": 0.5902570471439496,
          "details": {
            "n": 365
          },
          "name": "ss_1h",
          "passed": true,
          "threshold": 0.08,
          "value": 0.6627592425608657
        },
        {
          "ci_high": 0.7181075949695858,
          "ci_low": 0.5902570471439496,
          "details": {
            "n": 365
          },
          "name": "ss_3h_proxy",
          "passed": true,
          "threshold": 0.1,
          "value": 0.6627592425608657
        },
        {
          "ci_high": 0.013033242175651953,
          "ci_low": -0.03392083481142191,
          "details": {
            "corr_now": 0.9095047373754458,
            "corr_truth": 0.8993992699639408,
            "n": 365
          },
          "name": "corr_diff",
          "passed": false,
          "threshold": 0.2,
          "value": -0.010105467411504976
        },
        {
          "ci_high": null,
          "ci_low": null,
          "details": {
            "skipped": "phase4_uses_naive_ic_p50_pm_1; conformal_in_phase5",
            "target": 0.8
          },
          "name": "coverage_ic80",
          "passed": null,
          "threshold": "|cov-0.8|<0.04",
          "value": 0.8904109589041096
        },
        {
          "ci_high": null,
          "ci_low": null,
          "details": {},
          "name": "i_t_obs",
          "passed": true,
          "threshold": "< 0.1",
          "value": 0.0006178679174936974
        },
        {
          "ci_high": null,
          "ci_low": null,
          "details": {},
          "name": "counterfactual_same_temp",
          "passed": true,
          "threshold": "> 0.7",
          "value": 0.784805332525375
        },
        {
          "details": {
            "n_checked": 365,
            "n_violations": 0,
            "safety_margin_minutes": 60,
            "violations_sample": []
          },
          "passed": true,
          "phase": "frozen_obs_nwp"
        }
      ],
      "horizon_degradation": [
        {
          "bm_obs_only": 0.2410958904109589,
          "bm_obs_plus_nwp": 0.35342465753424657,
          "cp": "20:00",
          "n": 365,
          "nwp_delta": 0.11232876712328765
        },
        {
          "bm_obs_only": 0.3013698630136986,
          "bm_obs_plus_nwp": 0.36712328767123287,
          "cp": "21:00",
          "n": 365,
          "nwp_delta": 0.06575342465753425
        },
        {
          "bm_obs_only": 0.3917808219178082,
          "bm_obs_plus_nwp": 0.4410958904109589,
          "cp": "22:00",
          "n": 365,
          "nwp_delta": 0.049315068493150704
        },
        {
          "bm_obs_only": 0.40821917808219177,
          "bm_obs_plus_nwp": 0.4328767123287671,
          "cp": "23:00",
          "n": 365,
          "nwp_delta": 0.024657534246575352
        }
      ],
      "lgbm_best_iter": 71,
      "n_test": 365,
      "n_train": 644,
      "paired_ablation": {
        "bm_lgbm_obs_only": 0.40821917808219177,
        "bm_lgbm_obs_plus_nwp": 0.4328767123287671,
        "bm_ridge_obs_phase3": 0.4438356164383562,
        "metric": "bracket_match_at_p50",
        "pooled_all_cps": {
          "bm_lgbm_obs_only": 0.3356164383561644,
          "bm_lgbm_obs_plus_nwp": 0.39863013698630134,
          "primary_nwp_minus_obs": {
            "ci95_high": 0.09520547945205476,
            "ci95_low": 0.03082191780821919,
            "point": 0.06301369863013695
          }
        },
        "primary_nwp_minus_obs": {
          "ci95_high": 0.09041095890410955,
          "ci95_low": -0.035684931506849274,
          "point": 0.024657534246575352
        },
        "secondary_nwp_minus_phase3_ridge": {
          "ci95_high": 0.0547945205479452,
          "ci95_low": -0.07123287671232875,
          "point": -0.010958904109589052
        }
      },
      "rps_nwp_residual": 0.5784334379960095,
      "split": "2023-01-01_to_2023-12-31",
      "test_window": [
        "2023-01-01",
        "2023-12-31"
      ],
      "train_window": [
        "2020-01-01",
        "2022-12-31"
      ]
    },
    {
      "alpha_ridge": 0.01,
      "bracket_match": {
        "baseline_max": 0.4328767123287671,
        "climatology": 0.1643835616438356,
        "lgbm_minus_baseline": {
          "ci95_high": 0.1068493150684931,
          "ci95_low": -0.0136986301369863,
          "point": 0.0465753424657534
        },
        "nwp_raw": 0.030136986301369864,
        "nwp_residual_lgbm": 0.4794520547945205,
        "persistence": 0.2328767123287671,
        "pooled_all_cps": {
          "climatology": 0.1643835616438356,
          "lgbm": 0.40616438356164386,
          "lgbm_minus_baseline": {
            "ci95_high": 0.11988013698630139,
            "ci95_low": 0.059589041095890416,
            "point": 0.0904109589041096
          },
          "n_test": 1460,
          "persistence": 0.14863013698630137,
          "ridge": 0.31575342465753425
        },
        "ridge_full": 0.4328767123287671
      },
      "counterfactual_n_pairs": 303,
      "gates": [
        {
          "ci_high": 0.7486139546681645,
          "ci_low": 0.6341822086563319,
          "details": {
            "n": 365
          },
          "name": "ss_1h",
          "passed": true,
          "threshold": 0.08,
          "value": 0.6923076923076923
        },
        {
          "ci_high": 0.7486139546681645,
          "ci_low": 0.6341822086563319,
          "details": {
            "n": 365
          },
          "name": "ss_3h_proxy",
          "passed": true,
          "threshold": 0.1,
          "value": 0.6923076923076923
        },
        {
          "ci_high": 0.009108660488717214,
          "ci_low": -0.045628474480307595,
          "details": {
            "corr_now": 0.9178786822820393,
            "corr_truth": 0.8990638869877177,
            "n": 365
          },
          "name": "corr_diff",
          "passed": false,
          "threshold": 0.2,
          "value": -0.018814795294321618
        },
        {
          "ci_high": null,
          "ci_low": null,
          "details": {
            "skipped": "phase4_uses_naive_ic_p50_pm_1; conformal_in_phase5",
            "target": 0.8
          },
          "name": "coverage_ic80",